,To_0,To_1,To_2,To_3,To_4,To_5,To_6,To_7,To_8,To_9,To_10,To_11,To_12,To_13,To_14,To_15,To_16,To_17,To_18,To_19,To_20,To_21,To_22,To_23,To_24,To_25,To_26,To_27,To_28,To_29,To_30,To_31,To_32,To_33,To_34,To_35,To_36,To_37,To_38,To_39,To_40,To_41,To_42,To_43,To_44,To_45,To_46,To_47,To_48,To_49,To_50,To_51,To_52,To_53,To_54,To_55,To_56,To_57,To_58,To_59,To_60,To_61,To_62,To_63,To_64,To_65,To_66,To_67,To_68,To_69,To_70,To_71,To_72,To_73,To_74,To_75,To_76,To_77,To_78,To_79,To_80,To_81,To_82,To_83,To_84,To_85,To_86,To_87,To_88,To_89
From_0,7396,907,593,143,1067,2921,433,2279,1662,138,2956,4762,196,7,8902,104,2217,667,2215,502,365,315,535,658,58,272,74,51,163,26,20,160,697,14,30,99,52,41,16,30,195,116,74,74,533,173,141,172,208,59,390,673,21,70,3232,566,34,20,37,36,11,53,169,830,1633,229,42,1449,8896,22,92,6,79,102,16,166,25,10,77,10,163,32,15,27,8,11,52,140,2,19
From_1,4785,663,130,277,23,1536,2628,1079,214,71,966,1725,111,0,895,11,77,1342,96,245,122,941,438,576,32,109,44,31,70,16,31,58,557,12,12,11,5,25,22,22,86,37,66,31,150,31,121,20,77,146,1553,2451,15,80,779,519,15,7,14,36,3,87,451,120,1687,228,16,650,5161,5,21,5,310,118,79,800,88,5,73,11,637,56,7,14,11,4,37,210,8,3
From_2,2395,3129,341,67,19,135,346,188,276,43,173,1358,141,1,792,75,64,225,117,178,143,951,541,539,39,284,27,48,128,51,71,97,503,33,43,11,30,31,63,69,176,52,50,33,132,42,102,49,143,146,1684,2990,60,125,573,441,33,15,66,29,18,181,398,123,6701,13,20,1402,6454,53,98,8,809,130,120,1147,269,21,232,98,1315,225,81,46,12,16,151,973,12,19
From_3,556,657,265,75,11,1293,226,134,464,16,174,168,20,6,319,34,30,65,20,57,23,93,52,101,18,15,13,18,20,8,8,16,44,6,9,2,7,6,2,14,18,10,8,11,19,32,16,13,18,15,193,266,8,21,66,121,9,3,4,3,3,12,55,126,1323,35,5,58,731,3,10,2,36,27,19,108,26,1,30,6,219,13,9,1,1,1,30,89,2,4
From_4,577,2423,4656,908,35,28,14,44,197,123,61,99,7,53,359,57,51,160,75,55,18,42,48,71,15,24,4,20,14,16,14,9,73,8,7,4,6,2,7,6,27,6,10,5,5,10,73,3,27,4,53,51,2,17,47,216,10,7,5,3,0,19,68,5176,5879,12,70,31,269,10,9,1,16,15,11,19,2,1,20,3,38,4,5,3,2,2,36,22,3,9
From_5,1830,8178,14808,1310,18886,794,137,1974,1129,1096,962,453,61,345,779,45,7662,2181,272,295,254,649,1135,778,49,193,48,101,167,44,65,150,157,23,41,17,61,55,48,29,244,42,130,70,178,49,885,53,200,159,1197,1571,35,141,911,1527,75,15,55,65,19,149,251,14846,4006,127,962,897,3615,37,99,9,208,273,86,351,91,14,133,15,566,131,69,35,11,34,113,186,4,24
From_6,375,461,830,93,607,264,93,251,8832,34,158,99,3,28,124,1,809,803,285,106,56,58,74,157,13,40,9,10,19,8,4,13,12,2,6,8,8,14,2,6,31,14,23,10,50,24,63,8,40,7,37,59,5,16,367,99,8,4,6,5,1,8,23,701,2879,16,20,22,293,6,16,1,10,8,9,25,4,3,8,0,22,3,2,2,0,1,21,19,2,4
From_7,714,393,534,126,107,2095,182,1612,1564,115,1206,969,59,18,2084,36,135,395,109,196,135,277,458,307,54,91,40,55,64,44,51,98,77,22,25,20,65,33,26,35,126,32,81,53,76,155,149,118,65,45,360,440,17,53,182,511,37,22,18,20,7,53,109,737,241,360,33,353,1199,25,50,24,128,108,29,143,45,15,90,8,387,78,32,13,17,6,91,123,12,17
From_8,888,388,499,154,321,4941,299,1006,2686,75,984,1091,55,30,1424,65,1126,7195,258,362,157,198,299,650,78,140,52,102,86,106,69,87,62,51,47,33,40,80,30,41,187,65,104,47,80,164,57,44,109,28,241,259,14,97,396,597,62,39,38,22,11,66,99,226,387,704,42,233,1036,43,67,27,96,120,52,81,36,15,114,12,233,78,43,19,6,22,160,108,14,37
From_9,103,309,285,118,22,949,15,1070,93,40,574,77,26,20,244,25,4,62,25,86,36,133,200,142,12,36,10,14,29,13,17,19,23,8,33,8,10,8,10,11,53,8,31,13,32,13,35,2,29,30,226,240,5,17,152,209,22,5,7,13,10,34,72,192,175,14,34,64,597,5,24,5,56,65,16,75,10,6,21,10,88,40,11,10,5,3,28,73,0,6
From_10,1704,296,332,109,64,3583,405,1538,955,116,4012,3204,439,625,4609,57,116,1198,128,242,101,204,321,372,53,85,39,77,72,41,34,66,118,34,30,16,41,36,28,36,119,21,75,34,50,441,174,1511,74,27,341,386,16,55,203,498,56,25,19,25,4,63,111,381,141,318,78,1054,1752,31,61,16,131,114,36,194,42,10,154,14,315,72,43,13,6,10,94,120,16,27
From_11,3326,226,86,19,29,7628,544,1003,547,172,4810,25985,1235,298,7083,337,117,1544,273,591,302,498,604,1083,168,212,110,159,179,93,127,343,441,319,146,31,51,107,41,302,412,68,376,223,156,748,266,411,199,61,522,574,62,354,225,816,159,78,78,31,40,210,151,170,333,34,94,2362,5570,285,332,299,1299,612,314,789,369,103,2662,132,2081,528,464,64,46,58,343,482,26,66
From_12,946,178,155,18,10,5057,389,396,256,106,2343,7643,13458,10232,4075,75,82,536,93,293,115,340,1830,767,83,59,57,144,104,83,166,114,204,186,97,16,25,79,32,178,264,21,407,331,225,1325,203,37,88,28,226,237,18,158,122,461,117,184,164,14,115,211,60,171,266,30,43,520,2396,110,204,90,513,393,101,250,263,192,721,17,470,306,341,225,317,149,370,211,20,39
From_13,852,209,116,18,62,4037,289,214,181,58,601,5228,3624,2747,1645,33,42,281,15,36,19,47,377,147,12,25,11,10,16,9,10,28,127,23,10,1,0,21,2,25,33,14,138,5,11,454,46,3,22,6,73,90,3,21,47,96,24,4,5,5,1,8,32,187,127,46,1,203,885,3,13,3,96,114,19,40,20,1,304,0,109,25,17,3,0,5,24,33,0,3
From_14,287,159,148,88,119,1910,127,1579,208,47,1312,2263,29782,6696,29161,392,17,470,54,151,112,235,2272,429,37,60,36,66,88,33,63,95,88,32,24,9,9,28,16,27,122,7,277,38,18,503,75,13,66,13,109,154,14,63,75,355,46,50,13,15,8,38,135,186,51,55,32,333,1175,16,78,12,138,454,38,86,34,14,346,6,314,53,15,25,3,10,53,83,0,14
From_15,26,3,1,8,2,174,2,40,31,9,43,140,152,60,1149,3952,5,12,36,179,166,732,670,195,47,167,34,304,209,394,630,220,59,658,129,53,43,38,10,178,117,19,207,62,10,24,16,643,1049,34,203,154,238,682,43,234,35,155,27,18,49,40,42,17,10,1,35,336,410,654,676,240,936,295,703,478,307,604,1325,376,1574,294,232,33,27,25,730,1086,50,136
From_16,670,1556,2725,574,58,43,20,30,100,51,70,68,13,21,239,28,30,90,72,57,24,71,65,144,10,54,12,17,13,4,10,15,50,5,8,3,5,7,5,5,29,4,14,10,13,13,37,8,22,7,69,89,4,19,50,107,10,5,0,2,1,10,29,3376,4149,10,19,65,212,2,13,3,26,7,8,29,12,6,17,3,97,9,5,5,2,2,18,37,1,4
From_17,3824,618,300,1874,72,18732,1209,360,368,26,1568,616,80,162,1644,47,124,1701,109,295,123,153,234,362,25,71,27,24,55,22,24,30,79,12,10,16,28,24,3,26,89,21,53,18,46,112,50,394,50,27,263,331,7,48,213,320,43,11,8,15,8,23,53,60,528,284,22,300,1078,7,45,3,64,122,28,77,32,4,43,9,191,25,18,7,7,1,62,104,4,13
From_18,981,67,61,17,21,485,122,176,175,42,214,226,41,8,146,53,26,176,13793,6109,5258,1553,3966,5292,325,3510,260,344,834,455,655,612,90,60,314,252,1046,172,174,141,741,340,518,110,294,94,122,164,1314,390,772,961,386,702,3870,1532,51,139,52,150,85,145,364,215,701,39,24,257,2039,272,816,43,136,169,122,202,66,265,470,94,1367,209,88,61,33,19,821,1025,22,216
From_19,492,93,43,38,39,766,121,417,307,140,392,530,370,66,185,128,50,396,5682,66203,15101,3967,12257,11467,1734,3145,2198,3182,2660,1044,2614,2296,154,272,1115,670,798,836,339,684,3170,1089,1752,371,326,340,222,573,4681,1061,2075,2325,715,2508,3699,4108,320,608,759,565,281,488,812,824,1807,134,59,929,4613,515,2338,131,782,492,403,667,284,357,1410,238,5046,864,478,883,154,283,2378,1527,133,559
From_20,417,148,20,44,13,1112,62,558,176,114,389,298,159,20,188,156,35,78,5331,14491,27012,4739,13136,8729,1340,5016,1086,1109,2819,1301,2118,1810,143,171,783,1056,1287,764,411,360,2124,839,1228,227,282,229,206,510,3595,1053,2027,2846,674,2444,4788,3466,246,1127,305,710,319,486,731,549,1485,40,55,832,5235,665,2708,138,796,588,387,631,327,472,2161,416,5063,749,462,423,87,132,3503,1922,153,634
From_21,181,121,33,35,30,960,68,540,172,136,308,338,350,50,232,728,30,67,1643,4241,5479,19343,9429,7307,952,2871,1010,1150,3934,2455,3938,1071,466,675,913,618,803,418,785,697,2864,684,1289,332,250,214,526,1015,3655,1018,3308,2422,1384,3164,3405,3960,358,967,402,522,364,456,904,293,514,32,73,1291,4495,1072,3693,449,1951,1391,1040,1682,1211,1186,3836,781,5490,1549,971,564,187,402,4700,4667,331,1379
From_22,700,776,112,130,53,6145,177,3609,428,611,2292,750,2134,700,1382,626,79,140,3718,11901,12651,8406,42493,10890,1675,5724,2112,2275,5731,2268,2741,4616,290,698,2799,1011,1393,802,1302,912,4922,1400,2645,1945,1650,522,741,713,6917,1815,4491,5015,1280,5309,8112,7896,424,2103,1388,1328,1075,1188,1608,917,1024,46,159,2772,14518,1458,6171,436,2313,2554,1084,1891,649,1273,3699,534,5236,4701,2066,2418,695,538,3481,2624,141,940
From_23,665,194,104,75,58,1677,199,716,584,200,587,1021,684,142,517,156,92,380,5276,11368,9076,6954,11118,135337,2347,4949,1601,3137,3388,1445,2823,2079,897,369,1535,1043,1168,743,395,775,9057,1526,4244,553,339,797,549,763,4621,898,2625,3959,765,2746,4453,6161,1491,573,274,1225,216,765,989,863,2347,125,67,1672,7653,874,3638,641,917,1294,660,620,444,362,1755,774,4279,911,686,272,124,248,4352,2904,508,826
From_24,79,11,3,13,15,142,19,95,76,16,83,133,87,44,94,41,8,32,294,1812,1390,873,1821,2355,5231,360,581,579,885,433,450,533,78,196,440,148,141,436,59,363,1901,423,580,192,86,207,188,53,861,97,502,484,85,377,517,1076,399,244,245,286,35,94,107,135,229,6,10,219,832,142,766,88,225,294,136,108,114,79,417,67,1165,309,344,83,43,130,835,309,83,101
From_25,248,61,29,16,30,480,53,249,131,54,210,198,51,11,110,135,28,65,3740,3164,5254,2547,5678,5128,337,22911,358,537,1496,1026,1404,791,87,91,281,187,2033,163,179,234,985,406,530,116,151,57,110,789,2736,601,1178,1405,873,1295,2318,1913,53,139,68,176,128,245,472,219,680,24,20,332,2461,336,904,43,344,227,405,268,123,369,1023,255,1015,317,136,64,45,36,945,3207,42,735
From_26,88,40,9,7,1,166,16,119,45,23,42,81,55,6,52,24,7,35,257,2217,1077,899,2100,1667,627,347,8889,1110,1655,379,553,362,28,107,609,67,40,127,86,140,1537,375,322,75,77,94,115,94,857,113,391,379,97,392,466,981,369,87,69,277,28,97,117,138,259,16,11,419,844,134,601,64,197,138,181,196,77,49,383,73,779,168,114,41,42,57,711,444,17,72
From_27,56,17,16,16,19,265,18,110,88,36,71,170,144,12,50,171,13,19,300,3241,1263,1069,2395,3155,578,531,1143,12094,2104,1533,955,507,76,226,542,99,86,149,195,362,3280,424,545,109,49,92,737,103,926,154,573,484,165,695,420,1184,157,203,178,192,61,234,198,164,249,38,21,448,1030,316,956,152,399,217,333,220,303,190,651,94,973,389,297,115,71,295,1398,603,67,384
From_28,114,42,13,18,16,383,20,150,93,36,150,157,83,16,101,239,16,25,823,2866,3099,3561,6025,3421,946,1508,1618,2119,13917,3442,1954,694,93,207,851,219,267,175,372,265,3928,692,697,129,122,99,1233,443,2910,352,1288,951,505,1419,1123,2001,247,344,148,767,185,246,361,223,264,14,23,834,1880,412,2255,159,689,396,370,434,214,413,1493,310,1710,671,308,111,60,97,2057,1514,88,1015
From_29,31,11,11,19,12,249,8,100,86,19,56,113,82,9,53,355,5,21,479,994,1397,2195,2709,1414,417,1034,399,1492,3202,11641,1818,365,63,262,449,87,129,141,260,255,1080,148,522,103,43,54,421,324,1087,156,855,438,273,741,297,1390,168,464,106,101,127,185,267,79,57,12,22,657,986,1015,2927,343,900,321,843,385,388,833,2308,380,1368,458,269,77,66,93,2391,1448,68,779
From_30,34,10,3,10,1,159,10,68,48,22,46,167,169,26,50,749,5,17,719,2665,2395,4375,3538,3111,516,1524,541,1005,2214,2328,8685,560,186,704,527,353,395,289,452,601,1459,273,700,197,72,75,215,929,2605,249,1272,743,772,1864,459,1337,171,679,221,208,172,225,366,92,146,9,60,718,1316,2521,3760,607,2289,416,616,737,1045,1618,4243,1012,5761,764,846,401,127,415,4199,4503,278,1457
From_31,169,52,14,16,15,496,21,305,110,76,154,325,120,19,81,304,12,25,678,2560,1728,926,4539,2201,560,875,390,556,699,308,440,7228,160,855,1107,217,326,987,111,874,1232,671,882,841,294,229,139,169,1112,195,739,895,171,978,1254,1201,237,260,326,395,238,189,129,689,205,7,30,531,1966,1114,1787,701,1268,468,562,696,407,394,1416,321,1918,1115,913,358,172,154,1062,783,91,206
From_32,372,26,14,5,2,215,18,133,33,12,132,1014,170,10,212,48,8,37,80,163,175,582,314,860,74,72,28,72,90,84,187,135,1039,162,71,47,64,68,13,105,276,35,221,45,26,68,38,87,98,45,272,247,61,211,105,295,59,60,33,22,15,59,42,37,63,0,8,148,862,178,277,121,437,284,130,316,134,96,347,68,1464,146,107,31,22,49,349,740,91,80
From_33,19,38,5,9,5,554,8,179,37,75,87,433,285,7,121,413,7,10,57,231,182,640,841,357,168,97,93,212,218,204,506,661,175,18877,1351,129,114,110,77,735,467,59,996,611,176,137,48,43,296,42,485,339,78,319,116,713,321,1364,343,23,94,187,70,49,41,6,383,849,1152,993,2014,1459,5371,663,1796,2328,1903,348,1532,128,1311,2163,1865,278,376,296,2348,338,122,246
From_34,45,26,12,6,1,906,25,275,40,97,108,160,151,7,97,120,11,21,306,1154,834,858,3117,1499,445,321,584,593,844,377,434,1174,77,1033,11066,420,572,196,98,514,2410,517,835,1296,509,77,233,39,645,148,586,628,103,583,469,870,196,445,500,249,239,192,96,189,96,2,93,762,1610,916,3109,2025,621,809,430,347,230,210,1012,78,1176,2999,2754,337,195,87,2155,362,172,329
From_35,95,12,2,3,6,175,7,47,24,14,21,41,20,2,16,25,3,15,294,654,1008,571,1029,1061,168,168,58,105,230,91,343,216,58,116,453,2987,168,87,42,80,523,281,219,54,50,25,49,40,457,72,263,266,45,278,993,458,49,174,36,98,59,91,83,55,163,3,45,88,458,626,1337,151,305,180,68,62,125,53,241,40,465,146,173,46,6,46,920,169,75,108
From_36,47,11,14,2,2,131,11,49,31,32,30,64,18,2,48,31,4,46,1008,842,1383,702,1403,1242,122,1913,42,124,327,114,436,326,70,72,488,213,8687,202,216,124,563,701,235,77,35,19,31,180,871,102,276,459,208,361,403,426,18,74,46,74,41,106,67,55,130,7,13,98,595,133,354,167,171,150,101,189,64,237,321,106,345,169,99,110,33,30,313,1634,33,202
From_37,44,14,2,7,8,217,10,91,45,30,91,124,61,5,89,32,8,12,179,886,761,432,924,715,373,183,128,164,163,132,194,775,60,105,188,92,145,1158,61,520,650,233,338,368,94,177,90,42,332,91,290,258,50,204,294,547,211,148,165,129,30,76,45,186,78,2,10,182,667,83,270,79,194,216,115,89,93,53,198,24,655,264,301,142,48,57,489,220,44,65
From_38,13,7,1,4,1,86,2,31,21,11,19,16,33,3,15,14,4,5,177,325,426,734,1417,427,86,185,85,199,396,312,480,112,21,57,102,40,193,81,3742,295,343,142,127,41,9,17,10,67,331,62,249,175,100,449,171,352,29,340,158,52,43,115,105,15,28,5,7,127,296,84,256,51,197,70,61,81,136,235,364,120,281,116,162,226,35,226,873,569,17,192
From_39,29,8,5,6,2,183,13,54,37,25,37,284,169,13,36,205,0,12,111,646,408,681,1059,826,340,233,120,346,294,258,575,749,100,1095,507,125,110,524,304,3721,873,206,560,786,118,99,80,80,283,64,292,258,80,532,169,512,210,601,505,84,97,203,60,44,37,4,50,392,678,474,916,711,1839,234,445,452,873,424,826,150,1327,823,1010,842,350,515,1437,551,71,191
From_40,234,49,34,30,23,879,63,316,209,102,182,399,236,28,166,112,28,55,734,3071,2219,2693,5487,8705,1901,990,1551,3271,3728,952,1136,1201,300,603,2443,585,525,661,316,938,27033,1636,1634,927,346,415,4193,151,2005,335,1563,1714,176,1213,1670,3367,694,715,1105,718,383,532,364,433,378,37,45,1267,3423,549,3124,451,601,823,610,348,315,341,1012,151,1422,1502,1710,530,144,532,2022,579,154,464
From_41,121,10,6,7,8,62,22,44,45,18,35,98,18,3,24,10,5,21,389,1027,947,560,1220,1717,448,426,381,502,674,135,268,581,25,68,563,313,599,275,140,238,1962,3025,234,81,60,50,140,39,757,54,284,381,43,212,677,569,109,62,70,131,33,69,102,161,171,8,5,109,527,123,704,110,102,89,90,79,63,38,203,52,430,116,89,45,15,33,330,202,15,120
From_42,120,55,24,32,15,686,38,317,133,118,232,385,404,75,206,197,26,43,559,1688,1331,1155,2903,4212,491,515,287,472,675,461,535,719,166,709,688,228,241,302,128,410,1558,213,2664,2673,522,401,164,83,598,146,600,621,111,530,711,1432,371,582,436,191,150,202,206,169,184,40,52,476,1829,518,1089,326,680,754,449,490,375,218,816,114,1327,1115,907,199,182,208,882,481,101,269
From_43,92,28,18,5,4,585,24,241,53,88,104,178,252,6,82,71,2,46,127,426,230,388,2242,466,236,143,61,135,151,108,124,731,78,477,971,81,59,414,60,945,968,62,2822,11365,1511,228,89,20,145,84,371,447,27,172,286,487,155,1434,1046,44,340,103,57,48,55,8,56,510,1476,108,309,489,454,643,664,420,267,125,235,28,566,2140,3246,239,451,126,747,196,214,232
From_44,576,98,27,7,7,664,57,222,73,91,174,97,110,9,107,6,16,18,451,343,300,272,1730,283,87,171,69,36,109,31,46,288,33,118,219,56,35,93,15,83,293,56,643,1335,5565,179,68,18,116,63,284,405,24,143,1705,528,48,153,140,20,103,65,119,57,83,1,31,285,1221,41,163,76,168,269,274,208,55,49,84,13,171,669,477,69,155,26,274,77,28,61
From_45,167,16,22,8,6,585,104,152,100,27,541,479,399,924,883,38,7,289,84,383,198,206,526,742,182,49,83,73,89,54,53,187,61,133,83,40,17,237,16,114,414,42,406,205,131,1555,58,10,115,17,101,225,9,48,201,633,460,72,71,23,7,54,42,90,67,13,10,112,722,51,207,63,107,236,46,60,68,8,106,11,178,102,88,30,27,46,123,55,17,30
From_46,123,145,203,51,13,307,25,275,73,36,265,294,41,1,177,22,13,72,135,217,183,578,674,589,180,113,91,713,1252,610,278,139,62,26,273,27,26,56,20,73,3838,118,174,73,55,89,3951,54,310,55,364,357,45,394,307,421,33,77,29,183,9,96,357,67,403,15,12,442,1040,82,342,38,131,173,184,92,35,24,140,10,247,159,60,32,27,9,653,133,31,58
From_47,136,24,18,21,3,470,33,52,25,30,1135,227,16,6,398,781,26,106,164,728,566,954,769,819,73,805,116,138,534,413,1112,232,53,47,36,55,172,42,72,90,167,45,93,22,15,143,20,4480,2432,111,236,205,542,1010,107,172,10,57,38,26,26,55,64,38,48,76,13,130,366,168,273,40,558,30,124,201,90,460,816,507,978,65,49,29,4,12,819,2689,18,177
From_48,260,22,44,23,22,314,52,155,115,34,110,192,80,12,58,1039,19,53,1234,4682,3587,3609,7213,4476,832,2673,907,884,2954,1126,2578,1169,115,306,537,439,946,372,373,290,2098,833,603,179,156,116,300,2373,16649,540,1388,1272,1180,2527,1565,1969,137,373,129,412,163,255,374,276,512,17,30,585,2095,362,1430,125,984,314,272,594,318,590,2008,482,3797,467,305,254,71,77,2453,2563,56,476
From_49,62,48,18,10,11,447,11,246,20,34,167,30,8,7,44,43,8,7,399,1163,1152,981,2111,1003,125,637,116,175,311,156,246,232,17,32,110,65,89,70,52,62,326,84,93,41,60,24,82,108,552,410,552,477,218,635,630,533,19,104,43,142,72,79,121,81,162,4,10,177,1106,66,278,20,208,168,107,257,40,99,310,59,783,209,97,147,27,19,454,423,9,68
From_50,136,106,67,58,34,986,48,555,150,117,382,271,119,34,175,212,31,52,762,1987,2216,3834,6011,2903,485,1279,392,609,1378,900,1336,918,214,268,441,221,288,296,239,339,1680,313,548,234,203,98,356,363,1492,940,4908,2007,583,2045,2048,2428,172,289,196,402,226,385,426,254,451,13,59,666,3594,472,1395,182,1322,746,784,2111,437,553,1962,314,4119,1132,1012,288,127,132,2620,1894,102,499
From_51,358,171,28,37,10,1379,42,850,101,134,488,348,100,7,205,137,25,53,909,2330,3257,3010,7501,4128,462,1493,417,508,1132,430,647,1031,162,165,437,255,440,280,205,269,1744,403,415,325,309,126,314,365,1461,982,1897,2508,454,1556,2664,1503,226,249,271,340,284,284,325,379,426,16,45,707,4743,378,1485,99,1358,537,489,2522,401,419,1699,301,3751,1091,531,257,150,138,1323,1740,134,355
From_52,22,14,5,3,2,115,7,41,10,12,33,31,16,1,14,255,1,7,373,840,719,1254,1392,781,99,968,122,183,532,310,839,228,59,70,104,43,283,45,94,54,196,55,113,42,27,9,22,453,1374,195,470,339,2482,1214,256,352,11,127,34,61,65,77,92,53,69,1,18,189,470,163,345,40,294,162,215,365,58,475,840,156,962,176,65,61,14,26,770,1205,17,150
From_53,71,59,14,19,13,553,29,271,81,87,171,195,132,13,79,859,12,27,788,2678,2581,3251,5829,2912,372,1406,463,745,1656,931,1848,1122,158,302,536,232,361,196,461,528,1190,244,576,207,203,40,323,932,2714,581,1544,1019,1286,9577,836,1458,98,992,589,359,302,403,325,146,169,10,47,953,1897,666,1468,275,1799,670,1120,1229,273,1395,3147,482,5120,877,485,2110,192,774,3391,1816,69,323
From_54,2507,661,187,70,92,2509,289,1427,346,235,903,268,80,10,284,35,63,130,2955,3398,4905,3166,8073,4132,480,2117,421,340,1029,237,363,1088,99,96,423,859,383,203,154,138,1505,578,652,238,1410,179,337,88,1497,723,1954,2341,201,761,16695,3301,147,182,161,326,155,339,1070,654,944,40,77,591,5661,204,1440,41,294,348,138,500,109,130,556,122,855,600,200,146,67,41,633,410,53,153
From_55,429,325,264,198,136,958,120,898,672,183,776,581,401,87,562,220,114,220,1508,4155,3504,3977,8295,6292,1039,2037,1022,1127,1954,1303,1182,1050,296,611,754,437,465,565,374,489,3298,641,1330,392,475,611,414,228,2030,555,2540,1703,332,1437,3292,9244,1101,584,432,403,183,757,859,478,550,84,73,980,4765,483,2197,248,859,969,841,746,414,386,1349,149,2160,1106,579,313,159,324,2279,1098,136,509
From_56,33,11,9,4,7,152,9,64,58,28,71,144,166,32,89,13,10,44,44,330,250,332,450,1458,420,40,329,149,232,192,107,233,57,248,199,27,17,230,17,225,692,109,439,150,46,495,23,12,108,30,150,273,10,82,154,1002,6099,155,73,62,16,59,46,74,78,7,11,149,524,125,528,160,208,228,105,102,121,47,155,8,293,133,163,26,58,67,712,36,21,30
From_57,19,7,9,10,6,559,1,192,60,51,60,156,284,10,91,148,5,5,152,679,1143,995,2286,608,244,143,102,230,332,462,535,292,81,825,526,177,80,173,388,486,706,54,729,1136,193,57,75,49,367,106,365,360,109,888,234,668,164,5361,716,49,211,224,172,33,39,6,116,538,929,251,763,596,1295,392,682,729,483,1396,776,61,1170,899,1272,687,312,522,1758,287,66,139
From_58,42,11,10,3,1,491,9,87,33,56,66,132,192,9,48,30,6,10,50,741,362,455,1651,321,254,73,78,189,146,108,181,364,45,382,547,50,43,179,133,372,1227,87,463,888,183,99,27,19,124,48,221,300,28,523,198,474,81,806,3834,37,444,279,71,41,28,1,37,490,883,101,420,296,437,323,114,95,192,674,258,18,324,1531,2511,650,225,1521,656,111,137,268
From_59,48,12,9,6,4,193,5,71,19,23,60,49,21,0,32,15,8,6,151,559,639,479,1475,1392,289,186,261,199,700,109,161,280,13,25,224,76,74,148,47,72,815,157,139,43,37,36,229,28,363,103,322,267,45,282,309,367,65,83,44,1301,16,70,59,76,90,3,10,291,635,116,274,13,140,91,46,84,36,51,195,23,325,168,77,132,30,29,287,87,10,34
From_60,15,14,0,4,3,319,11,117,9,37,55,117,98,1,18,45,0,3,75,253,275,306,1340,215,53,132,30,68,170,95,117,280,23,194,284,62,49,46,36,69,423,31,171,345,122,14,27,24,147,79,235,280,49,225,184,250,20,145,462,30,1569,87,32,44,17,2,17,289,658,503,552,168,398,251,207,204,86,420,834,64,362,863,941,59,140,56,355,128,36,67
From_61,50,26,134,43,25,140,7,96,104,30,96,153,147,60,50,41,14,61,144,466,389,552,1013,780,83,231,95,223,242,172,214,193,63,103,146,66,104,68,109,207,465,73,187,85,66,58,91,103,261,61,441,273,58,362,285,754,42,188,266,42,34,587,120,130,61,6,42,278,796,107,243,106,457,156,237,222,156,377,295,53,676,304,208,377,139,544,788,504,48,104
From_62,326,182,46,45,19,921,58,924,143,62,539,146,56,78,169,39,26,72,358,820,660,783,1356,924,97,479,116,179,331,218,223,156,60,46,89,68,95,43,99,46,361,67,122,33,129,37,131,44,344,111,442,386,89,320,721,830,37,121,61,69,37,104,554,95,255,16,19,171,1291,70,267,40,168,140,77,114,74,79,200,47,356,102,71,55,21,93,457,193,22,91
From_63,898,4444,3408,1380,43,372,449,1120,335,86,634,534,89,5,527,37,720,308,245,992,679,742,1347,1420,193,274,147,180,286,76,121,598,213,35,336,90,91,148,59,88,630,223,172,62,125,110,96,41,348,164,1037,1603,68,222,1015,748,85,40,49,86,41,141,210,621,13094,104,18,841,3468,76,284,25,405,266,77,403,189,71,281,50,1275,194,118,60,31,31,170,521,20,43
From_64,17492,4805,34,57,31,4395,7011,314,774,42,2188,3443,131,11,2689,66,711,14296,792,1955,1508,705,944,2600,252,703,258,296,243,61,151,208,371,25,77,187,107,112,32,55,404,197,209,131,150,119,326,172,502,176,818,1302,74,155,1256,550,59,36,19,85,12,64,787,86,8651,5017,14,1012,4028,49,157,14,170,119,42,344,34,24,104,13,465,59,40,27,21,4,253,195,20,34
From_65,130,28,16,17,19,866,60,119,4197,3,145,162,11,4,199,3,182,1050,22,129,31,27,40,125,12,26,18,35,11,10,10,7,13,3,5,1,3,3,2,9,35,6,15,7,3,17,11,20,9,4,19,12,3,5,13,93,6,5,2,3,3,10,13,21,95,130,1,19,64,4,17,13,10,15,10,5,2,7,15,1,21,6,2,0,1,2,21,20,1,3
From_66,31,215,282,53,6,16,8,89,25,17,62,50,24,2,53,8,3,27,18,38,30,65,163,78,5,24,8,13,20,12,31,22,18,47,64,3,6,8,4,13,42,5,21,68,14,3,5,2,23,20,89,123,8,36,83,86,5,9,59,3,38,22,20,122,98,5,26,40,380,27,27,18,153,21,11,62,14,25,61,12,137,270,2459,185,20,40,102,32,84,166
From_67,641,106,139,10,18,660,113,293,169,38,818,1851,461,54,1814,215,68,219,192,1042,660,1545,2240,1689,278,367,564,435,836,421,725,428,290,314,691,86,85,138,166,389,1166,132,250,271,133,168,462,414,662,162,1121,1008,184,1205,333,832,186,250,361,243,163,310,131,187,180,43,35,3617,2631,534,803,394,2489,544,731,1339,436,581,1133,313,3263,1767,1971,992,205,521,1370,2201,95,294
From_68,2678,1632,8489,563,237,4394,389,5985,2177,840,4245,4095,1161,339,3773,475,395,1354,1817,4608,3934,5207,8531,7130,877,2438,802,1082,1888,767,1325,1537,1084,552,846,459,645,565,407,783,3004,689,1060,596,785,700,1256,589,2109,897,4558,4673,579,2432,3018,4220,486,473,471,436,233,806,726,6103,1018,73,618,3696,24025,789,1957,378,3318,2625,1087,3264,1246,553,2601,533,12772,1674,981,560,199,262,2517,5717,142,469
From_69,16,4,0,6,2,235,3,76,27,28,45,229,55,1,14,638,1,7,293,415,420,821,1434,699,114,230,102,208,240,483,1631,1577,145,2711,1229,840,178,83,63,455,475,125,403,198,45,61,32,144,281,51,408,300,92,467,209,462,157,236,117,76,497,95,95,31,66,6,100,412,690,22414,16287,3850,4983,308,562,714,2466,2021,3056,492,2110,885,1014,117,83,184,3087,1227,57,209
From_70,150,55,8,10,13,955,27,307,116,106,202,419,264,14,128,715,15,29,780,2228,2788,3340,6947,3710,794,840,635,837,2178,2522,2517,1930,281,3190,3996,1722,402,293,227,942,3256,722,1296,576,257,223,309,254,1424,324,1468,1594,310,1306,1612,2326,601,796,492,313,671,369,297,272,150,16,212,1641,3539,12018,19405,3887,5593,1044,1352,1535,2653,2195,5945,1071,4503,2860,2214,405,239,631,4247,1764,266,884
From_71,6,13,6,4,5,349,5,120,21,31,38,217,102,3,68,315,3,1,34,178,104,347,433,522,91,40,43,131,113,197,508,779,105,4144,1392,214,145,70,33,526,542,62,439,707,132,60,36,22,77,21,204,163,43,205,64,270,144,1054,460,17,153,93,31,29,14,1,98,357,547,2038,3391,6578,2826,310,604,602,1058,591,1230,217,871,980,1749,412,152,484,1628,278,97,156
From_72,34,24,21,7,8,517,53,185,67,61,166,1231,359,9,118,967,3,21,134,714,685,1945,1910,789,206,270,195,346,620,808,2546,1216,357,6026,772,150,155,158,215,2711,573,94,741,602,230,107,164,319,769,167,1082,994,215,1358,326,746,195,1881,404,116,355,338,81,83,36,18,485,1370,2056,2249,5209,3457,26038,586,3350,7165,3519,3291,7501,930,5284,2741,2503,1377,863,748,4447,2318,202,360
From_73,83,45,71,17,11,901,35,525,139,121,318,573,424,122,609,325,19,69,149,482,510,1394,2447,1214,206,218,146,200,391,284,388,339,271,388,430,51,168,177,84,155,683,77,505,146,125,208,192,48,305,158,819,510,255,1301,362,1109,162,226,112,86,86,126,141,169,55,26,51,488,2273,343,828,223,617,2707,1012,1053,217,134,990,47,4186,628,258,70,32,68,686,1051,28,113
From_74,26,37,7,21,14,555,10,284,90,61,137,393,137,10,104,750,7,16,148,459,446,1331,1511,705,128,379,182,316,451,821,606,550,142,1515,476,63,101,135,63,427,665,66,631,567,258,72,151,116,365,159,989,619,227,1096,272,1046,138,727,136,59,118,279,100,87,47,7,136,863,1730,462,1442,577,1530,953,6785,1922,542,522,1923,144,1550,1759,786,116,255,166,1497,830,85,198
From_75,43,48,12,6,10,830,8,335,46,87,288,819,179,4,117,520,5,19,230,765,856,2127,2552,683,117,406,255,282,601,426,841,875,190,1443,522,65,159,128,111,545,362,73,530,559,273,42,103,278,625,362,1319,1436,354,1542,624,660,109,893,126,96,214,227,88,129,107,3,276,913,2579,518,1634,640,3940,1010,4334,8574,1020,600,3350,417,3942,2390,1112,258,522,150,1669,2059,64,179
From_76,6,2,4,6,1,307,1,73,33,36,39,470,165,2,30,270,3,16,45,267,291,1235,792,434,128,99,97,358,226,389,1021,389,125,1658,357,89,50,70,130,798,351,41,459,293,56,77,43,32,234,55,483,366,57,228,149,419,131,843,217,24,59,151,92,40,15,3,369,487,875,1072,2226,1049,3401,305,882,1129,11415,307,2235,250,1914,1227,1981,138,189,547,1860,640,72,191
From_77,13,4,0,0,3,132,1,40,19,8,27,59,208,5,20,473,1,2,251,424,421,1173,1625,389,87,386,59,181,526,948,1950,408,65,806,309,75,208,57,160,405,372,54,251,258,66,19,19,208,451,127,601,517,350,963,189,439,44,1576,492,38,551,265,83,48,13,3,48,721,668,2941,3397,991,2739,185,602,714,376,12638,5761,489,1265,712,497,980,234,1676,1555,1093,70,308
From_78,75,31,12,15,16,1076,34,284,136,75,179,3260,279,40,276,909,15,35,450,1372,1601,3235,4553,1656,397,951,382,633,1466,2318,3860,1396,302,2283,1416,303,234,212,283,755,1144,261,826,419,197,117,149,364,1449,376,1862,1546,496,1525,753,1545,150,808,262,180,1108,357,207,192,113,11,342,1666,3326,10200,7115,2119,6072,1139,1985,3066,2057,5407,35976,1364,5621,3577,1900,291,275,267,4019,2415,125,1109
From_79,5,4,2,0,0,28,1,10,9,10,3,46,16,0,11,213,2,6,75,226,264,569,468,591,47,201,44,68,274,509,1104,298,31,237,60,24,49,18,96,152,145,53,79,25,32,5,13,149,297,47,219,194,80,235,104,142,17,58,22,27,123,34,33,20,22,0,13,140,225,1535,1498,311,1076,48,182,402,292,1639,3483,4383,1219,179,145,56,56,48,1133,966,41,195
From_80,61,35,9,14,16,714,14,280,87,69,147,633,214,12,130,2126,16,47,1237,4602,5413,5553,4628,3982,1312,896,696,1082,1876,1698,9130,2346,585,1369,1097,479,274,580,322,1220,1164,354,1280,368,170,148,139,1466,4540,622,2087,1484,1392,7784,604,1468,231,1161,270,334,364,310,319,182,289,12,95,953,2471,4232,6115,1118,8370,1194,1957,4183,2639,2539,12324,2646,45425,1888,1751,695,264,299,9879,5110,315,781
From_81,77,77,40,21,8,1815,33,566,88,171,314,391,363,14,182,167,17,29,205,738,680,1502,5608,910,257,273,149,357,530,314,648,1427,161,1094,4751,134,166,258,93,789,1577,123,1372,3695,1132,130,205,40,380,225,1184,1121,132,680,766,1164,127,634,1520,159,799,372,157,159,80,8,155,1448,3254,370,2502,754,1352,1239,499,704,403,308,1412,83,1914,18484,10077,659,449,182,2115,469,1242,1121
From_82,35,28,10,5,4,1254,19,279,44,114,106,212,457,4,106,199,1,23,78,494,421,1082,2531,767,400,107,160,312,353,204,870,1124,142,1134,2558,132,132,297,136,1080,1929,109,1031,4427,737,118,70,45,299,118,1154,594,57,531,257,621,126,1206,4534,153,2195,251,70,67,65,4,74,975,1913,393,1275,988,1019,970,362,386,507,432,926,69,1995,9067,18114,813,807,444,3881,573,2911,2206
From_83,27,9,0,2,1,118,7,27,14,22,16,43,275,2,10,46,2,7,60,848,439,626,2538,275,78,83,36,146,129,106,448,379,27,290,333,55,94,145,259,937,454,43,201,284,53,52,33,57,300,122,217,192,72,2105,150,261,20,913,841,168,66,313,61,30,27,0,14,541,305,102,403,289,1211,73,78,169,147,1186,204,68,634,580,978,8758,422,1725,1900,235,56,105
From_84,7,4,3,2,0,146,6,32,13,27,22,54,337,2,16,17,1,5,23,178,79,219,850,114,55,50,35,73,46,67,145,162,54,274,183,12,40,44,53,272,175,19,184,478,254,27,32,10,85,33,196,173,16,216,84,190,61,312,217,25,82,198,19,19,12,0,30,269,423,55,172,134,576,123,162,237,179,271,175,28,243,482,628,333,1809,103,1017,89,25,75
From_85,5,4,2,1,3,108,1,33,20,12,19,54,217,4,19,24,1,4,22,284,122,423,663,207,142,33,51,400,100,126,407,180,23,350,120,27,28,74,242,635,535,22,253,131,35,38,11,9,68,26,155,142,22,798,48,323,73,479,1165,35,50,364,87,10,5,3,18,462,349,227,562,345,747,84,155,130,497,1567,247,36,281,225,498,1717,206,6939,1618,97,25,70
From_86,71,33,8,37,19,513,28,175,186,69,108,295,467,21,84,744,12,50,939,2767,3416,5175,4831,4615,1058,1124,736,1516,2255,2505,4907,1152,359,1910,1795,729,394,565,887,1364,2394,394,1049,773,323,148,421,782,2606,522,2813,1267,773,3532,805,2755,680,2052,812,389,397,912,579,171,281,24,107,1191,2409,2331,5163,1388,3884,811,1644,1389,1912,1858,4136,983,7063,2182,3231,1547,703,1524,22185,3864,553,1383
From_87,27,9,2,23,7,217,12,65,29,8,52,129,54,3,31,1726,4,17,971,1496,2138,4865,2310,2711,227,3302,385,546,1637,2023,7287,1104,319,276,377,171,1771,199,572,529,525,180,407,129,46,36,88,3783,2633,333,1111,865,1835,2657,347,698,56,243,80,113,152,192,195,64,106,6,26,387,1037,1452,1845,313,3641,322,776,1976,874,2617,4190,2358,3792,407,418,237,80,118,5398,22464,261,1208
From_88,4,2,2,3,3,128,4,19,9,8,8,21,18,2,20,30,1,4,24,148,191,405,173,478,74,41,14,61,105,88,245,59,154,67,506,78,35,38,8,48,204,20,126,163,41,14,20,38,80,16,176,165,11,62,72,160,32,93,155,8,29,62,32,28,15,1,21,57,305,45,292,156,72,164,98,39,21,46,115,24,792,881,1111,62,67,24,440,221,2747,2096
From_89,17,4,2,6,5,147,5,56,36,25,19,70,38,2,44,162,1,13,235,588,711,1283,1035,845,120,824,89,435,1017,930,1229,255,94,161,1068,193,287,84,203,253,536,132,261,250,55,24,57,188,419,86,471,342,185,332,204,605,28,96,232,41,83,102,82,47,48,2,18,250,655,382,907,230,280,280,200,107,126,260,811,172,863,961,1748,149,104,72,1404,1191,1124,7939
